"LicenseNumber","Address","agencyId","AgencyName","AgencyType","City","County","LicenseEffectiveDate","LicenseeGroupOrganizationName","LicenseExpirationDate","LicenseStatus","Phone","ZipCode"
"CA110200973","811 PORT ST, SAINT JOSEPH, Berrien, MI 49085-1183, UNITED STATES","a0i8z0000006UzRAAU","BERRIEN COUNTY PROBATE COURT","Child Placing Agency: Approved Governmental Unit","Saint Joseph","Berrien","2024-06-11","Berrien County Trial Court-Family Division","2026-06-10","Regular","2699837111","49085-1183"
"CA150201032","301 STATE ST, CHARLEVOIX, Charlevoix, MI 49720-1396, UNITED STATES","a0i8z0000006Wf7AAE","CHARLEVOIX COUNTY PROBATE & FAMILY COURT","Child Placing Agency: Approved Governmental Unit","Charlevoix","Charlevoix","2026-01-04","Charlevoix County Probate & Family Court","2028-01-03","Regular","2315477215","49720-1396"
"CA560234172","3712 E ASHMAN ST, MIDLAND, Midland, MI 48642-9314, UNITED STATES","a0i8z0000006ZZ1AAM","42ND CIRCUIT COURT - FAMILY DIVISION","Child Placing Agency: Approved Governmental Unit","Midland","Midland","2024-08-01","42nd Circuit Court","2026-07-31","Regular","9898376086","48642-9314"
"CB031001797","930 Interchange Dr, Holland, Allegan, MI 49423-8508, UNITED STATES","a0i8z000000pkPSAAY","Grant Me Hope","Child Placing Agency: Private","Holland","Allegan","2024-09-03","Grant Me Hope","2026-09-02","Regular","6164035657","49423-8508"
"CB040201041","1044 US HIGHWAY 23 N, ALPENA, Alpena, MI 49707-1250, UNITED STATES","a0i8z0000006WdoAAE","CHILD & FAMILY SERVICES - NORTHEAST MICHIGAN","Child Placing Agency: Private","Alpena","Alpena","2024-12-21","Child Family Services of NE Mich","2026-12-20","Regular","9893564567","49707-1250"
"CB090201254","6019 WESTSIDE SAGINAW RD, BAY CITY, Bay, MI 48706-9357, UNITED STATES","a0i8z0000006TYoAAM","WELLSPRING LUTHERAN SERVICES BAY CITY","Child Placing Agency: Private","Bay City","Bay","2025-11-29","Wellspring Lutheran Services","2027-11-28","Regular","9896867650","48706-9357"
"CB090411936","713 9th Street, Bay City, Bay, MI 48708, USA","a0i8z0000006SE6AAM","Samaritan Youth Shelter CPA","Child Placing Agency: Private","Bay City","Bay","2025-08-27","City Rescue of Saginaw Inc.","2027-08-26","Regular","9895968336","48708-6403"
"CB110403982","185 E. MAIN STREET ST.102, BENTON HARBOR, Berrien, MI 49022-4432, UNITED STATES","a0i8z0000006TbXAAU","CATHOLIC CHARITIES WEST MICHIGAN  - BENTON HARBOR","Child Placing Agency: Private","BENTON HARBOR","Berrien","2024-10-21","Catholic Charities West Michigan","2026-10-20","Regular","2695931000","49022-4432"
"CB130201519","70 CALHOUN ST, BATTLE CREEK, Calhoun, MI 49017-3845, UNITED STATES","a0i8z0000006e0YAAQ","YOUTH GUIDANCE FOSTER CARE","Child Placing Agency: Private","Battle Creek","Calhoun","2024-06-03","Youth Guidance Foster Care","2026-06-02","Regular","2692754954","49017-3845"
"CB171001625","689 E 3 Mile Rd, Unit B, Sault S Marie, Chippewa, MI 49783-9322, UNITED STATES","a0i8z000000eIAWAA2","Arfstrom Faunt Independent Living Center","Child Placing Agency: Private","Sault S Marie","Chippewa","2025-04-26","Chippewa County Family Project Inc.","2027-04-25","Regular","9062590268","49783-9322"
"CB220201016","427 S STEPHENSON AVE STE 215, Suite 215, IRON MOUNTAIN, Dickinson, MI 49801-3458, UNITED STATES","a0i8z0000006aRVAAY","CATHOLIC SOCIAL SERVICES OF THE UPPER PENINSU","Child Placing Agency: Private","Iron Mountain","Dickinson","2025-06-02","Catholic Diocese of Marquette","2027-06-01","Regular","9062288630","49801-3458"
"CB250201015","901 CHIPPEWA ST, FLINT, Genesee, MI 48503-1552, UNITED STATES","a0i8z0000006eJoAAI","CATHOLIC CHARITIES OF SHIAWASSEE AND GENESEE","Child Placing Agency: Private","Flint","Genesee","2024-10-27","Catholic Charities of Shiawassee and Genesee Co","2026-10-26","Regular","8102329950","48503-1552"
"CB250201108","1120 W Bristol Rd, Flint, Genesee, MI 48507-5518, UNITED STATES","a0i8z0000006ddsAAA","ENNIS CENTER FOR CHILDREN - FLINT","Child Placing Agency: Private","Flint","Genesee","2025-02-28","Ennis Center for Children Inc","2027-02-27","Regular","8102334031","48507-5518"
"CB250201474","512 S GRAND TRAVERSE ST, FLINT, Genesee, MI 48502-1207, UNITED STATES","a0i8z0000006UsSAAU","TRAVERSE PLACE","Child Placing Agency: Private","Flint","Genesee","2024-11-02","Genesee County Youth Corp Inc","2026-11-01","Regular","8183416328","48502-1207"
"CB250296641","1024 PROFESSIONAL DR, FLINT, Genesee, MI 48532-3635, UNITED STATES","a0i8z0000006hWrAAI","SAMARITAS - BAY","Child Placing Agency: Private","Flint","Genesee","2023-09-19","Samaritas","2025-09-17","Regular","7346463792","48532-3635"
"CB250410563","1201 N GRAND TRAVERSE ST, FLINT, Genesee, MI 48503-1312, UNITED STATES","a0i8z0000006Z4dAAE","WHALEY CHILDREN'S CENTER- Journey House","Child Placing Agency: Private","Flint","Genesee","2024-11-10","Whaley Children's Center","2026-11-09","Regular","8102343603","48503-1312"
"CB280200990","3597 HENRY ST, NORTON SHORES, Muskegon, MI 49441-6723, UNITED STATES","a0i8z0000006ZgVAAU","Holy Cross Services - Northern Michigan CB","Child Placing Agency: Private","NORTON SHORES","Muskegon","2025-02-19","Holy Cross Children's Services","2027-02-18","Regular","2317692400","49441-6723"
"CB280201014","1000 HASTINGS ST, TRAVERSE CITY, Grand Traverse, MI 49686-3445, UNITED STATES","a0i8z0000006asqAAA","CATHOLIC HUMAN SERVICES INC - TR","Child Placing Agency: Private","Traverse City","Grand Traverse","2025-03-01","Catholic Human Serv. Inc","2027-02-28","Regular","2319478110","49686-3445"
"CB280201037","3785 VETERANS DR, TRAVERSE CITY, Grand Traverse, MI 49684-4516, UNITED STATES","a0i8z0000006V6aAAE","Child & Family Services of Northwestern Michigan","Child Placing Agency: Private","Traverse City","Grand Traverse","2025-04-05","Child & Family Services of NW Michigan Inc","2027-04-04","Regular","2319468975","49684-4516"
"CB280235713","1055 CARRIAGE HILL DR, TRAVERSE CITY, Grand Traverse, MI 49686-5161, UNITED STATES","a0i8z0000006WLZAA2","BETHANY CHRISTIAN SERVICES-TRAVERSE CITY","Child Placing Agency: Private","Traverse City","Grand Traverse","2024-10-11","Bethany Christian Services Inc","2026-10-10","Regular","2319950870","49686-5161"
"CB310282171","57 HURON ST, HOUGHTON, Houghton, MI 49931-2167, UNITED STATES","a0i8z0000006e6UAAQ","U.P. KIDS","Child Placing Agency: Private","Houghton","Houghton","2024-09-21","Good Will Farm Association Inc dba U.P. Kids","2026-09-20","Regular","9064820520","49931-2167"
"CB330201019","2800 W WILLOW ST, LANSING, Ingham, MI 48917-1833, UNITED STATES","a0i8z0000006k2dAAA","Catholic Charities Ingham Eaton Clinton","Child Placing Agency: Private","Lansing","Ingham","2025-04-16","St Vincent Catholic Charities","2027-04-15","Regular","5173234734","48917-1833"
"CB330201039","407 W Greenlawn Ave, Lansing, Ingham, MI 48910-2819, UNITED STATES","a0i8z0000006ZKOAA2","CHILD AND FAMILY CHARITIES","Child Placing Agency: Private","Lansing","Ingham","2025-09-19","Child and Family Charities","2027-09-18","Regular","5178824000","48910-2819"
"CB330201264","1545 KEYSTONE AVE, LANSING, Ingham, MI 48911-4039, UNITED STATES","a0i8z0000006WTvAAM","SAMARITAS - REFUGEE","Child Placing Agency: Private","Lansing","Ingham","2025-10-17","Samaritas","2027-10-16","Regular","5173217663","48911-4039"
"CB330314400","612 W LK LANSING RDSTE600, EAST LANSING, Ingham, MI 48823-8534, UNITED STATES","a0i8z0000006YvMAAU","BETHANY CHRISTIAN SERVICES-EAST LANSING","Child Placing Agency: Private","EAST LANSING","Ingham","2024-03-08","Bethany Christian Services Inc","2026-03-07","Regular","5173360191","48823-8534"
"CB330361250","1545 KEYSTONE AVE, LANSING, Ingham, MI 48911-4039, UNITED STATES","a0i8z0000006TaFAAU","Legacy Adoption Services - West","Child Placing Agency: Private","Lansing","Ingham","2024-12-10","Lutheran Adoption Services, Inc.","2026-12-09","Regular","2692715973","48911-4039"
"CB330371021","5826 Executive Dr, Lansing, Ingham, MI 48911-5303, UNITED STATES","a0i8z0000006TYqAAM","WELLSPRING LUTHERAN SERVICES -LANSING","Child Placing Agency: Private","Lansing","Ingham","2025-09-22","Wellspring Lutheran Services","2027-09-21","Regular","5176641032","48911-5303"
"CB330410104","1288 W Grand River Ave, Suite 100, Williamston, Ingham, MI 48895-8305, UNITED STATES","a0i8z0000006WVaAAM","ENNIS CENTER FOR CHILDREN - Williamston","Child Placing Agency: Private","Williamston","Ingham","2024-05-19","Ennis Center for Children Inc","2026-05-18","Regular","5178810723","48895-8305"
"CB370201248","107 E ILLINOIS ST, MOUNT PLEASANT, Isabella, MI 48858-2503, UNITED STATES","a0i8z0000006hBuAAI","LISTENING EAR CRISIS CENTER","Child Placing Agency: Private","Mount Pleasant","Isabella","2025-03-20","Crisis Center Inc - DBA Listening Ear","2027-03-19","Regular","9897722919","48858-2503"
"CB380201116","330 W MICHIGAN AVE, JACKSON, Jackson, MI 49201-2121, UNITED STATES","a0i8z0000006eOTAAY","FAMILY SERVICE & CHILDREN'S AID - JACKSON COUNTY","Child Placing Agency: Private","Jackson","Jackson","2025-06-30","Family Services & Children's Aid - Jackson County","2027-06-29","Regular","5177872738","49201-2121"
"CB380201255","729 W MICHIGAN AVE, JACKSON, Jackson, MI 49201-1920, UNITED STATES","a0i8z0000006WggAAE","SAMARITAS - MID MI","Child Placing Agency: Private","Jackson","Jackson","2024-07-03","Samaritas","2026-07-02","Regular","5177896444","49201-1920"
"CB380356643","1401 W MICHIGAN AVE, JACKSON, Jackson, MI 49202-4022, UNITED STATES","a0i8z0000006hQxAAI","Open Door Family Services DBA","Child Placing Agency: Private","Jackson","Jackson","2025-11-03","Open Door Adoption Services","2027-11-02","Regular","5179367580","49202-4022"
"CB381002610","406 S Blackstone St, Jackson, Jackson, MI 49201-2206, UNITED STATES","a0i8z000001BI1uAAG","My Place, Inc.","Child Placing Agency: Private","Jackson","Jackson","2025-07-11","My Place, Inc.","2026-01-06","Original","5172505056","49201-2206"
"CB390201118","1608 LAKE ST, KALAMAZOO, Kalamazoo, MI 49001-3170, UNITED STATES","a0i8z0000006amoAAA","FAMILY & CHILDREN SERVICES INC.","Child Placing Agency: Private","Kalamazoo","Kalamazoo","2024-12-12","Family & Children Services","2026-12-11","Regular","2693440202","49001-3170"
"CB390258392","4341 S WESTNEDGE AVE STE 2000, Suite 2000, KALAMAZOO, Kalamazoo, MI 49008-3284, UNITED STATES","a0i8z0000006kVhAAI","SAMARITAS - SOUTHWEST","Child Placing Agency: Private","Kalamazoo","Kalamazoo","2024-05-15","Samaritas","2026-05-14","Regular","2693455776","49008-3284"
"CB390267474","6687 SEECO DR, KALAMAZOO, Kalamazoo, MI 49009-5970, UNITED STATES","a0i8z0000006hQvAAI","Bethany Christian Services-Southwest MI","Child Placing Agency: Private","Kalamazoo","Kalamazoo","2024-12-01","Bethany Christian Services Inc","2026-11-30","Regular","2693728800","49009-5970"
"CB391001684","1441 S Westnedge Ave, Kalamazoo, Kalamazoo, MICHIGAN 49008-1370, UNITED STATES","a0i8z000000ffq1AAA","Catholic Charities Diocese of Kalamazoo","Child Placing Agency: Private","Kalamazoo","Kalamazoo","2025-01-15","Catholic Family Services","2027-01-14","Regular","2693819800","49008-1370"
"CB391001721","1126 Gull Rd, Kalamazoo, Kalamazoo, MI 49048-1726, UNITED STATES","a0i8z000000h9CYAAY","Heart for Home","Child Placing Agency: Private","Kalamazoo","Kalamazoo","2024-11-10","Heart for Home","2026-11-09","Regular","2699037500","49048-1726"
"CB410200974","901 Eastern Ave NE, Building A, Grand Rapids, Kent, MI 49503-1201, UNITED STATES","a0i8z0000006aycAAA","BETHANY CHRISTIAN SERVICES - REFUGEE PROGRAM","Child Placing Agency: Private","Grand Rapids","Kent","2024-10-19","Bethany Christian Services Inc","2026-10-18","Regular","6162247540","49503-1201"
"CB410200976","901 EASTERN AVE, GRAND RAPIDS, Kent, MI 49503-1201, UNITED STATES","a0i8z0000006b4pAAA","BETHANY CHRISTIAN SERVICES INC-GRAND RAPIDS","Child Placing Agency: Private","Grand Rapids","Kent","2024-09-28","Bethany Christian Services Inc","2026-09-27","Regular","6164596273","49503-1201"
"CB410201088","2172 Dean Lake Ave NE, Grand Rapids, Kent, MI 49505-4444, UNITED STATES","a0i8z0000006UtqAAE","DA BLODGETT FOR CHILDREN","Child Placing Agency: Private","Grand Rapids","Kent","2024-06-06","DA Blodgett for Children","2026-06-05","Regular","6164512021","49505-4444"
"CB410201176","1115 BALL AVE NE, GRAND RAPIDS, Kent, MI 49505-5904, UNITED STATES","a0i8z0000006kKuAAI","ARBOR CIRCLE - HOMELESS YOUTH SERVICES","Child Placing Agency: Private","Grand Rapids","Kent","2025-07-05","Arbor Circle Corporation","2027-07-04","Regular","6164513001","49505-5904"
"CB410201260","1715 SUTHERLAND DR, KENTWOOD, Kent, MI 49508-3306, UNITED STATES","a0i8z0000006ZgZAAU","WELLSPRING LUTHERAN SERVICES KENTWOOD","Child Placing Agency: Private","Kentwood","Kent","2024-06-29","Wellspring Lutheran Services","2026-06-28","Regular","6162814601","49508-3306"
"CB410201266","2080 UNION AVE SE STE A, Suite A, GRAND RAPIDS, Kent, MI 49507-3247, UNITED STATES","a0i8z0000006V7wAAE","SAMARITAS -  WEST","Child Placing Agency: Private","GRAND RAPIDS","Kent","2024-09-23","Samaritas","2026-09-22","Regular","6163561934","49507-3247"
"CB410245705","40 JEFFERSON AVE, GRAND RAPIDS, Kent, MI 49503-4304, UNITED STATES","a0i8z0000006TcoAAE","CATHOLIC CHARITIES WEST MICHIGAN - GR","Child Placing Agency: Private","Grand Rapids","Kent","2025-01-20","Catholic Charities West Michigan","2027-01-19","Regular","6164561443","49503-4304"
"CB410252631","2453 28TH ST NW, WYOMING, Kent, MI 49519-2103, UNITED STATES","a0i8z0000006VC8AAM","GREATER HOPES FAMILY SERVICES,INC.","Child Placing Agency: Private","WYOMING","Kent","2025-05-06","Greater Hopes Inc","2027-05-05","Regular","6164510245","49519-2103"
"CB410284045","354 NORWOOD AVE SE, GRAND RAPIDS, Kent, MI 49506-1717, UNITED STATES","a0i8z0000006TXaAAM","FAMILIES THROUGH ADOPTION","Child Placing Agency: Private","Grand Rapids","Kent","2025-01-12","Families Through Adoption Inc.","2027-01-11","Regular","6164545170","49506-1717"
"CB410381414","PO BOX 232, DORR, Allegan, MI 49323-0232, UNITED STATES","a0i8z0000006kD8AAI","WEST MI PARTNERSHIP FOR CHILDREN","Child Placing Agency: Private","Dorr","Allegan","2024-05-13","West Michigan Partnership for Children","2026-05-12","Regular","6165529811","49323-0232"
"CB440295542","2031 S Elms Rd, Building B, Swartz Creek, Genesee, MI 48473-9728, UNITED STATES","a0i8z0000006dduAAA","ADOPTION AND FOSTER CARE SPECIALISTS, INC.","Child Placing Agency: Private","Swartz Creek","Genesee","2024-11-25","Adoption and Foster Care Specialists, Inc.","2026-11-24","Regular","8106141400","48473-9728"
"CB460308844","425 Ormsby St, Adrian, Lenawee, MI 49221-2341, UNITED STATES","a0i8z0000006alGAAQ","CATHOLIC CHARITIES OF JACKSON, LENAWEE & HILLSDALE","Child Placing Agency: Private","Adrian","Lenawee","2024-12-20","Catholic Charities of Jacksn, Lenw, & Hillsd","2026-12-19","Regular","5172953334","49221-2341"
"CB460360419","131 S WINTER ST, ADRIAN, Lenawee, MI 49221-2602, UNITED STATES","a0i8z0000006aydAAA","FOSTERING SOLUTIONS","Child Placing Agency: Private","Adrian","Lenawee","2024-12-13","Fostering Solutions","2026-12-12","Regular","5172630020","49221-2602"
"CB470366531","7996 GRAND RIVER RD, BRIGHTON, Livingston, MI 48114-9304, UNITED STATES","a0i8z0000006arTAAQ","GROWING HOPE THROUGH LOVE","Child Placing Agency: Private","Brighton","Livingston","2025-09-09","Growing Hope Through Love","2027-09-08","Regular","5177984020","48114-9304"
"CB470382419","3075 E GRAND RIVER AVE, HOWELL, Livingston, MI 48843-6584, UNITED STATES","a0i8z0000006YvQAAU","FAMILY AND COMMUNITY SERVICES-LIVINGSTON","Child Placing Agency: Private","Howell","Livingston","2025-05-15","Family & Community Services Inc","2027-05-14","Regular","5176151275","48843-6584"
"CB500316267","42140 VAN DYKE AVE, STERLING HEIGHTS, Macomb, MI 48314-3677, UNITED STATES","a0i8z0000006kbLAAQ","FAMILY AND COMMUNITY SERVICES-MACOMB","Child Placing Agency: Private","Sterling Heights","Macomb","2025-05-08","Family & Community Services Inc","2027-05-07","Regular","5867262988","48314-3677"
"CB501003033","49676 Cranbrook Drive, Macomb, Macomb, MI 48044-1565, UNITED STATES","a0ics000002zFPBAA2","Genesis Youth Services, Inc","Child Placing Agency: Private","Macomb","Macomb","2025-11-18","Genesis Youth Services, Inc","2027-11-17","Regular","3138001159","48042-4111"
"CB520201043","706 CHIPPEWA SQ, MARQUETTE, Marquette, MI 49855-4834, UNITED STATES","a0i8z0000006hDSAAY","CHILD & FAMILY SERVICES OF THE UPPER PENINSUL","Child Placing Agency: Private","Marquette","Marquette","2024-04-15","Child & Family Service of U P","2026-04-14","Regular","9062284025","49855-4834"
"CB520304693","369 US HIGHWAY 41 E, NEGAUNEE, Marquette, MI 49866-9624, UNITED STATES","a0i8z0000006UsTAAU","UPPER PENINSULA FAMILY SOLUTIONS","Child Placing Agency: Private","Negaunee","Marquette","2024-05-19","Upper Peninsula Family Solutions","2026-05-18","Regular","9062731095","49866-9624"
"CB530246146","920 E TINKHAM AVE, LUDINGTON, Mason, MI 49431-1538, UNITED STATES","a0i8z0000006gr8AAA","STAIRCASE YOUTH SERVICES","Child Placing Agency: Private","Ludington","Mason","2024-09-02","Staircase Youth Services, Inc","2026-09-01","Regular","2318433200","49431-1538"
"CB540201289","126 MAPLE ST STE F, Suite F, BIG RAPIDS, Mecosta, MI 49307-1878, UNITED STATES","a0i8z0000006eIZAAY","Mecosta/Osceola Youth Attention Center","Child Placing Agency: Private","Big Rapids","Mecosta","2024-06-09","Mecosta/0sceola Youth Atten Center","2026-06-08","Regular","2315920129","49307-1878"
"CB560263403","601 E Wackerly St, Midland, Midland, MI 48642-7070, UNITED STATES","a0i8z0000006TNpAAM","ADOPTION OPTION, INC.","Child Placing Agency: Private","Midland","Midland","2024-10-22","Adoption Option, Inc.","2026-10-21","Regular","9898390534","48642-7070"
"CB610200977","175 W APPLE AVE, MUSKEGON, Muskegon, MI 49440-1379, UNITED STATES","a0i8z0000006WdlAAE","Bethany Christian Services-Muskegon","Child Placing Agency: Private","Muskegon","Muskegon","2025-01-27","Bethany Christian Services Inc","2027-01-26","Regular","2319243390","49440-1379"
"CB610201023","1720 PARK ST, MUSKEGON, Muskegon, MI 49441-2403, UNITED STATES","a0i8z0000006agWAAQ","CATHOLIC CHARITIES WEST MICHIGAN - MUSKEGON","Child Placing Agency: Private","Muskegon","Muskegon","2025-07-31","Catholic Charities West Michigan","2027-07-30","Regular","2317264735","49441-2403"
"CB611003227","221 W Webster Ave, Suite 509, Muskegon, Muskegon, MI 49440-1294, UNITED STATES","a0ics000004PrObAAK","Rooted in Community","Child Placing Agency: Private","Muskegon","Muskegon","2025-12-01","Rooted in Community","2027-11-30","Regular","6168880879","49440-1294"
"CB630200978","18000 W 9 MILE RD STE 950, Suite 950, SOUTHFIELD, Oakland, MI 48075-4017, UNITED STATES","a0i8z0000006WYHAA2","BETHANY CHRISTIAN SERVICES - Southfield","Child Placing Agency: Private","Southfield","Oakland","2025-12-08","Bethany Christian Services Inc","2027-12-07","Regular","2484144080","48075-4017"
"CB630201261","30600 Telegraph Rd, Suite 4290, Bingham Farms, Oakland, MI 48025-4550, UNITED STATES","a0i8z0000006V9JAAU","WELLSPRING LUTHERAN SERVICES BINGHAM FARMS","Child Placing Agency: Private","Bingham Farms","Oakland","2025-05-09","Wellspring Lutheran Services","2027-05-08","Regular","2489680100","48025-4550"
"CB630201335","114 ORCHARD LAKE RD, PONTIAC, Oakland, MI 48341-2244, UNITED STATES","a0i8z0000006kaGAAQ","OAKLAND FAMILY SERVICES","Child Placing Agency: Private","Pontiac","Oakland","2024-07-06","Oakland Family Services","2026-07-05","Regular","2488587766","48341-2244"
"CB630201342","24901 NORTHWESTERN HWY STE 500, Suite 500, SOUTHFIELD, Oakland, MI 48075-2212, UNITED STATES","a0i8z0000006Z3BAAU","ORCHARDS CHILDRENS SERVICES","Child Placing Agency: Private","Southfield","Oakland","2025-02-06","Orchards Children's Services Inc","2027-02-05","Regular","2485932100","48075-2212"
"CB630201414","16250 NORTHLAND DR STE 120, Suite 120, SOUTHFIELD, Oakland, MI 48075-5226, UNITED STATES","a0i8z0000006eJpAAI","SPAULDING FOR CHILDREN","Child Placing Agency: Private","Southfield","Oakland","2025-10-02","Spaulding for Children","2027-10-01","Regular","2484437080","48075-5226"
"CB630201417","16250 NORTHLAND DR, SOUTHFIELD, Oakland, MI 48075-5205, UNITED STATES","a0i8z0000006ZexAAE","SPECTRUM HUMAN SERVICES","Child Placing Agency: Private","Southfield","Oakland","2025-07-08","Spectrum Child & Family Services","2027-07-07","Regular","2485528020","48075-5205"
"CB630201423","24445 NORTHWESTERN HWY STE 200, Suite 200, SOUTHFIELD, Oakland, MI 48075-2437, UNITED STATES","a0i8z0000006e0VAAQ","CATHOLIC CHARITIES OF SOUTHEAST MICHIGAN","Child Placing Agency: Private","Southfield","Oakland","2025-03-29","Catholic Charities of Southeast Michigan","2027-03-28","Regular","2485520750","48075-2437"
"CB630246843","15635 W 12 MILE RD, SOUTHFIELD, Oakland, MI 48076-3048, UNITED STATES","a0i8z0000006eCQAAY","MORNING STAR ADOPTION CENTER","Child Placing Agency: Private","Southfield","Oakland","2024-06-09","Morning Star Adoption Resource Inc.","2026-06-08","Regular","2484835484","48076-3048"
"CB630315340","91 S TELEGRAPH RD, PONTIAC, Oakland, MI 48341-1580, UNITED STATES","a0i8z0000006b4sAAA","ENNIS CENTER FOR CHILDREN - PONTIAC","Child Placing Agency: Private","Pontiac","Oakland","2024-06-29","Ennis Center for Children Inc","2026-06-28","Regular","2483342715","48341-1580"
"CB630369213","4410 W 13 MILE RD, ROYAL OAK, Oakland, MI 48073-6515, UNITED STATES","a0i8z0000006TQgAAM","CHILD SAFE  MICHIGAN JUDSON CS","Child Placing Agency: Private","Royal Oak","Oakland","2025-06-18","Judson CS","2027-06-17","Regular","2483530921","48073-6515"
"CB631002106","418 N Main St, Suite 250, Royal Oak, Oakland, MI 48067-1813, UNITED STATES","a0i8z000000zq28AAA","Lifeline Children's Services INC","Child Placing Agency: Private","Royal Oak","Oakland","2025-02-04","Lifeline Children's Services INC","2027-02-03","Regular","2059404624","48067-1813"
"CB670201101","4507 170TH AVE, HERSEY, Osceola, MI 49639-8785, UNITED STATES","a0i8z0000006ZKPAA2","EAGLE VILLAGE, INC.","Child Placing Agency: Private","Hersey","Osceola","2025-03-31","Eagle Village Inc","2027-03-30","Regular","2318322234","49639-8785"
"CB690358779","1260 S OTSEGO AVE, GAYLORD, Otsego, MI 49735-9587, UNITED STATES","a0i8z0000006WZjAAM","WELLSPRING LUTHERAN SERVICES GAYLORD","Child Placing Agency: Private","Gaylord","Otsego","2025-01-16","Wellspring Lutheran Services","2027-01-15","Regular","9897321040","49735-9587"
"CB700200923","1338 BALDWIN ST, JENISON, Ottawa, MI 49428-8937, UNITED STATES","a0i8z0000006assAAA","ADOPTION ASSOCIATES, INC","Child Placing Agency: Private","Jenison","Ottawa","2025-09-16","Adoption Associates Inc","2027-09-15","Regular","6166670677","49428-8937"
"CB700200981","11335 JAMES ST, HOLLAND, Ottawa, MI 49424-8627, UNITED STATES","a0i8z0000006WOPAA2","BETHANY CHRISTIAN SERVICES INC-HOLLAND","Child Placing Agency: Private","Holland","Ottawa","2024-08-01","Bethany Christian Services Inc","2026-07-31","Regular","6163960623","49424-8627"
"CB700201042","412 CENTURY LN, HOLLAND, Ottawa, MI 49423-4285, UNITED STATES","a0i8z0000006grAAAQ","PATHWAYS OF ARBOR CIRCLE","Child Placing Agency: Private","Holland","Ottawa","2024-07-19","Arbor Circle Corporation","2026-07-18","Regular","6163962301","49423-4285"
"CB730200994","1030 N RIVER RD, SAGINAW, Saginaw, MI 48609-6832, UNITED STATES","a0i8z0000006hDPAAY","Holy Cross Children's Services -Mid-Michigan","Child Placing Agency: Private","Saginaw","Saginaw","2024-05-01","Holy Cross Children's Services","2026-04-30","Regular","9897992503","48609-6832"
"CB730201194","1110 HOWARD ST, SAGINAW, Saginaw, MI 48601-2734, UNITED STATES","a0i8z0000006WYFAA2","Innerlink Transitional Living Program","Child Placing Agency: Private","Saginaw","Saginaw","2025-02-24","Saginaw Co Youth Prot Council","2027-02-23","Regular","9897533431","48601-2734"
"CB730236853","4371 STATE ST, SAGINAW, Saginaw, MI 48603-4029, UNITED STATES","a0i8z0000006hPPAAY","Adoption Partners of Michigan","Child Placing Agency: Private","Saginaw","Saginaw","2025-09-10","Swartz Christopher","2027-09-09","Regular","9897937000","48603-4029"
"CB730410102","3095 CABARET TRL S, SAGINAW, Saginaw, MI 48603-2284, UNITED STATES","a0i8z0000006e0WAAQ","ENNIS CENTER FOR CHILDREN - SAGINAW","Child Placing Agency: Private","Saginaw","Saginaw","2024-06-09","Ennis Center for Children Inc","2026-06-08","Regular","9895580020","48603-2284"
"CB740315326","222 HURON AVE, PORT HURON, Saint Clair, MI 48060-3822, UNITED STATES","a0i8z0000006hKqAAI","ENNIS CENTER FOR CHILDREN - PORT HURON","Child Placing Agency: Private","Port Huron","Saint Clair","2024-04-06","Ennis Center for Children Inc","2026-04-05","Regular","8109901424","48060-3822"
"CB790290893","5397 MILLINGTON RD, MILLINGTON, Tuscola, MI 48746-8701, UNITED STATES","a0i8z0000006ZXdAAM","NEW LIGHT CHILD & FAMILY INSTITUTE","Child Placing Agency: Private","Millington","Tuscola","2025-11-24","New Light Child & Family Institute","2027-11-23","Regular","9898716695","48746-8701"
"CB810201018","4925 PACKARD ST, ANN ARBOR, Washtenaw, MI 48108-1521, UNITED STATES","a0i8z0000006ZKRAA2","Catholic Charities Washtenaw County","Child Placing Agency: Private","Ann Arbor","Washtenaw","2024-02-08","Catholic Social Services of Washtenaw","2026-02-06","Regular","3139719781","48108-1521"
"CB810201161","781 AVIS DR STE 200, Suite 200, ANN ARBOR, Washtenaw, MI 48108-8959, UNITED STATES","a0i8z0000006gpVAAQ","HANDS ACROSS THE WATER","Child Placing Agency: Private","Ann Arbor","Washtenaw","2025-08-11","Hands Across The Water, Inc.","2027-08-10","Regular","7344770135","48108-8959"
"CB810302599","2008 HOGBACK RD STE 6, Suite 6, ANN ARBOR, Washtenaw, MI 48105-9751, UNITED STATES","a0i8z0000006UzQAAU","FOSTERING FUTURES","Child Placing Agency: Private","Ann Arbor","Washtenaw","2025-08-11","Fostering Futures","2027-08-10","Regular","7344174287","48105-9751"
"CB810406448","111 S WALLACE BLVD, YPSILANTI, Washtenaw, MI 48197-4644, UNITED STATES","a0i8z0000006eIXAAY","Our House- Mosaic","Child Placing Agency: Private","Ypsilanti","Washtenaw","2024-01-26","Our House","2026-01-24","Regular","7345475519","48197-4644"
"CB820201055","79 W ALEXANDRINE ST, DETROIT, Wayne, MI 48201-2015, UNITED STATES","a0i8z0000006hQwAAI","CHILDREN'S CENTER WAYNE CO","Child Placing Agency: Private","Detroit","Wayne","2025-04-25","Childrens Center Wayne County","2027-04-24","Regular","3138315520","48201-2015"
"CB820201107","20100 GREENFIELD RD, DETROIT, Wayne, MI 48235-1803, UNITED STATES","a0i8z0000006kKvAAI","ENNIS CENTER FOR CHILDREN - DETROIT","Child Placing Agency: Private","Detroit","Wayne","2024-05-22","Ennis Center for Children Inc","2026-05-21","Regular","3133422699","48235-1803"
"CB820201130","17940 FARMINGTON RD, LIVONIA, Wayne, MI 48152-4444, UNITED STATES","a0i8z0000006TfmAAE","FOREVER FAMILIES","Child Placing Agency: Private","Livonia","Wayne","2025-12-10","Forever Families Inc","2027-12-09","Regular","7347620909","48152-4444"
"CB820201144","525 E HURON RIVER DR, BELLEVILLE, Wayne, MI 48111-3665, UNITED STATES","a0i8z0000006TeAAAU","GUIDING HARBOR","Child Placing Agency: Private","Belleville","Wayne","2024-06-10","Girlstown Foundation","2026-06-09","Regular","7346977242","48111-3665"
"CB820201177","1906 25TH ST, DETROIT, Wayne, MI 48216-1435, UNITED STATES","a0i8z0000006ZgaAAE","HOMES FOR BLACK CHILDREN","Child Placing Agency: Private","Detroit","Wayne","2025-02-08","Homes For Black Children","2027-02-07","Regular","3139614777","48216-1435"
"CB820201212","3 PARKLANE BLVD STE 730W, Suite 730W, DEARBORN, Wayne, MI 48126-2502, UNITED STATES","a0i8z0000006V5BAAU","JUDSON CPA","Child Placing Agency: Private","Dearborn","Wayne","2025-08-16","Judson Center","2027-08-15","Regular","3137945653","48126-2502"
"CB820201219","933 N MELBORN ST, DEARBORN, Wayne, MI 48128-1784, UNITED STATES","a0i8z0000006TNuAAM","KEANE CENTER FOR ADOPTION","Child Placing Agency: Private","Dearborn","Wayne","2024-12-27","Keane Center For Adoption","2026-12-26","Regular","3132774664","48128-1784"
"CB820201258","8131 E Jefferson Ave, Detroit, Wayne, MI 48214-2610, UNITED STATES","a0i8z0000006WdnAAE","Legacy Adoption Services - East","Child Placing Agency: Private","Detroit","Wayne","2025-01-25","Lutheran Adoption Services, Inc.","2027-01-24","Regular","2484232770","48214-2610"
"CB820201265","8131 E JEFFERSON AVE, DETROIT, Wayne, MI 48214-2610, UNITED STATES","a0i8z0000006V9KAAU","SAMARITAS - SOUTHEAST","Child Placing Agency: Private","Detroit","Wayne","2025-10-15","Samaritas","2027-10-14","Regular","2484232760","48214-2610"
"CB820201295","26645 W 6 MILE RD, DETROIT, Wayne, MI 48240-2319, UNITED STATES","a0i8z0000006ZLjAAM","METHODIST CHILDREN'S HOME SOCIETY","Child Placing Agency: Private","Detroit","Wayne","2025-02-01","Methodist Children's Home Society","2027-01-31","Regular","3135314060","48240-2319"
"CB820201475","548 E GRAND BLVD, DETROIT, Wayne, MI 48207-3534, UNITED STATES","a0i8z0000006ZetAAE","Transitional Living Program","Child Placing Agency: Private","Detroit","Wayne","2024-09-21","Federation of Youth Services","2026-09-20","Regular","3135714707","48207-3534"
"CB820201485","20651 W WARREN ST, DEARBORN HTS, Wayne, MI 48127-2622, UNITED STATES","a0i8z0000006ZKQAA2","VISTA MARIA FOSTER CARE","Child Placing Agency: Private","Dearborn Hts","Wayne","2025-08-13","Sisters of Good Shepherd","2027-08-12","Regular","3132713050","48127-2622"
"CB820201514","20300 Superior Rd, Suite 140, Taylor, Wayne, MI 48180-6302, UNITED STATES","a0i8z0000006hWtAAI","WOLVERINE HUMAN SERVICES AFTERCARE","Child Placing Agency: Private","Taylor","Wayne","2025-11-29","Wolverine Human Services","2027-11-28","Regular","3132956264","48180-6302"
"CB820252473","28303 JOY RD, WESTLAND, Wayne, MI 48185-5524, UNITED STATES","a0i8z0000006TXbAAM","SPECTRUM HUMAN SERVICES INDEPENDENT LIVING","Child Placing Agency: Private","Westland","Wayne","2025-04-06","Spectrum Child & Family Services","2027-04-05","Regular","7344588736","48185-5524"
"CB820315857","18688 JOANN ST, DETROIT, Wayne, MI 48205-2748, UNITED STATES","a0i8z0000006gpXAAQ","COMMUNITY CARE ORGANIZATION","Child Placing Agency: Private","Detroit","Wayne","2025-08-18","Community Care Organization","2026-02-17","1st Provisional","3133344750","48205-2748"
"CB820405659","13101 ALLEN RD, SOUTHGATE, Wayne, MI 48195-2216, UNITED STATES","a0i8z0000006WZkAAM","THE GUIDANCE CENTER","Child Placing Agency: Private","Southgate","Wayne","2025-08-02","The Guidance Center","2027-08-01","Regular","7347857700","48195-2216"
"CB820413571","15751 Joy Rd., Detroit, Wayne, MI 48228, USA","a0i8z0000006SEvAAM","Christ Child Detroit","Child Placing Agency: Private","Detroit","Wayne","2025-06-05","Christ Child Society","2027-06-04","Regular","3135846077","48228-2117"
"CB821001419","8017 Ohio St, Detroit, Wayne, MI 48204-3235, UNITED STATES","a0i8z000000b7qhAAA","Anderson Life Development Center","Child Placing Agency: Private","Detroit","Wayne","2025-07-02","Anderson Life Development Center","2027-07-01","Regular","3134677002","48204-3235"
"CE090200968","520 W HAMPTON RD, ESSEXVILLE, Bay, MI 48732-9710, UNITED STATES","a0i8z0000006U8XAAU","BAY COUNTY JUVENILE HOME","Child Caring Institution: Government Non-MDHHS","ESSEXVILLE","Bay","2024-02-18","Bay County","2026-02-16","Regular","9898924519","48732-9710"
"CE130201005","14555 18 1/2 MILE RD, MARSHALL, Calhoun, MI 49068-8300, UNITED STATES","a0i8z0000006fD5AAI","Calhoun County Youth Center","Child Caring Institution: Government Non-MDHHS","MARSHALL","Calhoun","2024-12-05","Calhoun County","2026-12-04","Regular","2697817221","49068-8300"
"CE460201286","2910 AIRPORT RD, ADRIAN, Lenawee, MI 49221-4109, UNITED STATES","a0i8z0000006fGrAAI","MAURICE SPEAR CAMPUS","Child Caring Institution: Government Non-MDHHS","ADRIAN","Lenawee","2025-04-15","Lenawee County","2027-04-14","Regular","5172655171","49221-4109"
"CE500201270","400 N ROSE ST, MOUNT CLEMENS, Macomb, MI 48043-1522, UNITED STATES","a0i8z0000006SfcAAE","MACOMB COUNTY JUVENILE JUSTICE CENTER","Child Caring Institution: Government Non-MDHHS","MOUNT CLEMENS","Macomb","2025-12-09","County of Macomb","2027-12-08","Regular","5864695375","48043-1522"
"CE630201058","1200 N TELEGRAPH RD, PONTIAC, Oakland, MI 48341-1032, UNITED STATES","a0i8z0000006SeyAAE","Children's Village","Child Caring Institution: Government Non-MDHHS","PONTIAC","Oakland","2024-03-02","County of Oakland","2026-03-01","Regular","2488581164","48341-1032"
"CE630201059","1200 N TELEGRAPH RD, PONTIAC, Oakland, MI 48341-1032, UNITED STATES","a0i8z0000006X49AAE","Children's Village-Shelter","Child Caring Institution: Government Non-MDHHS","PONTIAC","Oakland","2024-06-14","County of Oakland","2026-06-13","Regular","2488581150","48341-1032"
"CE630201060","1200 N TELEGRAPH RD, PONTIAC, Oakland, MI 48341-1032, UNITED STATES","a0i8z0000006U7vAAE","Childrens Village-Residential","Child Caring Institution: Government Non-MDHHS","Pontiac","Oakland","2024-02-13","County of Oakland","2026-02-12","Regular","2488581164","48341-1032"
"CE810254752","4125 WASHTENAW AVE, ANN ARBOR, Washtenaw, MI 48108-1003, UNITED STATES","a0i8z0000006X3qAAE","WASHTENAW COUNTY YOUTH CENTER","Child Caring Institution: Government Non-MDHHS","ANN ARBOR","Washtenaw","2024-05-07","Washtenaw County","2026-05-06","Regular","7349711311","48108-1003"
"CE821001676","5301 Russell St, Detroit, Wayne, MI 48211-2500, UNITED STATES","a0i8z000000fLdiAAE","Wayne County Juvenile Detention Facility","Child Caring Institution: Government Non-MDHHS","Detroit","Wayne","2025-11-12","County of Wayne","2026-05-11","1st Provisional","3137704458","48211-2500"
"CI090396004","713 9TH ST, BAY CITY, Bay, MI 48708-6403, UNITED STATES","a0i8z0000006iOqAAI","GOOD SAMARITAN RESCUE MISSION","Child Caring Institution: Private","Bay City","Bay","2025-07-24","City Rescue of Saginaw Inc.","2027-07-23","Regular","9898935973","48708-6403"
"CI131001910","13725 Starr Commonwealth RD, Albion, Calhoun, MI 49224, UNITED STATES","a0i8z000000ff79AAA","Responsive Deployment Children's Shelter","Child Caring Institution: Private","Albion","Calhoun","2024-09-17","Responsive Deployment LLC","2026-09-16","Regular","6472944909","49224"
"CI250201313","1201 N GRAND TRAVERSE ST, FLINT, Genesee, MI 48503-1312, UNITED STATES","a0i8z0000006Vb1AAE","MOTT CHILDRENS RESIDENCE","Child Caring Institution: Private","FLINT","Genesee","2025-10-28","Whaley Children's Center","2026-04-25","1st Provisional","8102343603","48503-1312"
"CI250201372","914 CHURCH ST, FLINT, Genesee, MI 48502-1010, UNITED STATES","a0i8z0000006bwiAAA","R E A C H","Child Caring Institution: Private","Flint","Genesee","2024-09-15","Genesee County Youth Corp Inc","2026-09-14","Regular","8102338700","48502-1010"
"CI250201521","2954 CONCORD ST, FLINT, Genesee, MI 48504-3040, UNITED STATES","a0i8z0000006U8QAAU","ZONTA HOUSE","Child Caring Institution: Private","FLINT","Genesee","2024-07-21","Whaley Children's Center","2026-07-20","Regular","8102328281","48504-3040"
"CI250309991","1802 CARMANBROOK PKWY, FLINT, Genesee, MI 48507-1444, UNITED STATES","a0i8z0000006iKrAAI","OPTIMIST HOUSE","Child Caring Institution: Private","FLINT","Genesee","2024-05-16","Whaley Children's Center","2026-05-15","Regular","8102374471","48507-1444"
"CI250410439","9300 Lahring Road, Gaines, Genesee, MI 48436, USA","a0i8z0000006SI5AAM","Mission Ranch","Child Caring Institution: Private","Gaines","Genesee","2025-06-11","Prism Project","2027-06-10","Regular","8103996900","48436-9746"
"CI330201171","5123 OLD PLANK RD, ONONDAGA, Ingham, MI 49264-9707, UNITED STATES","a0i8z0000006XkZAAU","HIGHFIELDS","Child Caring Institution: Private","ONONDAGA","Ingham","2025-03-10","Highfields, Inc.","2027-03-09","Regular","5176282287","49264-9707"
"CI330273573","2025 N GRAND RIVER AVE, LANSING, Ingham, MI 48906-3974, UNITED STATES","a0i8z0000006Sf2AAE","PECKHAM, INC. - FOOTPRINTS","Child Caring Institution: Private","Lansing","Ingham","2025-09-09","Peckham Voc. Industries Inc. - d/b/a Peckham, Inc.","2027-09-08","Regular","5173198436","48906-3974"
"CI330410650","2721 S. Washington Ave #1, Lansing, Ingham, MI 48910, USA","a0i8z0000006SJSAA2","Jackson House","Child Caring Institution: Private","Lansing","Ingham","2024-01-17","Child and Family Charities","2026-01-15","Regular","5179756310","48910-2871"
"CI331000184","2828 W. Willow St., LANSING, Ingham, MI 48917-1833, UNITED STATES","a0i8z000000DIZmAAO","Catholic Charities IEC Children's Home","Child Caring Institution: Private","Lansing","Ingham","2025-10-25","Catholic Charities of Ingham, Eaton & Clinton Counties","2027-10-24","Regular","5172538260","48917-1833"
"CI370201202","1510 E BLANCHARD RD, SHEPHERD, Isabella, MI 48883-9555, UNITED STATES","a0i8z0000006fDAAAY","Isabella County Non-Secure","Child Caring Institution: Private","Shepherd","Isabella","2024-03-04","McBride Quality Care Services, Inc.","2026-03-03","Regular","9898285240","48883-9555"
"CI370377212","1719 E HIGH ST, MT PLEASANT, Isabella, MI 48858-8989, UNITED STATES","a0i8z0000006SemAAE","New Hope Youth Center","Child Caring Institution: Private","MT PLEASANT","Isabella","2025-04-10","New Hope Youth Services, LLC","2027-04-09","Regular","5175998399","48858-8989"
"CI380385672","511 S JACKSON ST, JACKSON, Jackson, MI 49203-1708, UNITED STATES","a0i8z0000006iOQAAY","SAMARITAS - JACKSON HOUSE","Child Caring Institution: Private","Jackson","Jackson","2025-09-29","Samaritas","2027-09-28","Regular","5177877616","49203-1708"
"CI390201463","990 W KILGORE RD, KALAMAZOO, Kalamazoo, MI 49008-3614, UNITED STATES","a0i8z0000006bwtAAA","THE ARK","Child Caring Institution: Private","Kalamazoo","Kalamazoo","2024-08-30","Catholic Family Services","2026-08-29","Regular","2693438765","49008-3614"
"CI390311366","406 ELDRED ST, KALAMAZOO, Kalamazoo, MI 49006-4513, UNITED STATES","a0i8z0000006SfdAAE","LET'S TALK ABOUT IT HOME FOR YOUNG MEN","Child Caring Institution: Private","Kalamazoo","Kalamazoo","2024-07-23","ACTS II Ministry For Teens","2026-07-22","Regular","2695679409","49006-4513"
"CI390318114","9616 PORTAGE RD, PORTAGE, Kalamazoo, MI 49002-7257, UNITED STATES","a0i8z0000006iKzAAI","GREAT LAKES CENTER FOR AUTISM TREATMENT & RESEARCH","Child Caring Institution: Private","Portage","Kalamazoo","2025-02-12","Residential Opportunities, Inc.","2027-02-11","Regular","2693433731","49002-7257"
"CI390385656","1638 LAKE ST, KALAMAZOO, Kalamazoo, MI 49001-3170, UNITED STATES","a0i8z0000006SfEAAU","GAIL'S HOUSE","Child Caring Institution: Private","KALAMAZOO","Kalamazoo","2025-11-24","Family & Children Services","2027-11-23","Regular","2693440202","49001-3170"
"CI390395642","5704 ELAINE AVE, KALAMAZOO, Kalamazoo, MI 49048-5859, UNITED STATES","a0i8z0000006VaXAAU","THE GREAT LAKES CENTER FOR AUTISM -ELAINE AVE","Child Caring Institution: Private","Kalamazoo","Kalamazoo","2025-07-14","Residential Opportunities, Inc.","2027-07-13","Regular","2692508249","49048-5859"
"CI390403045","615 W. Lovell, Kalamazoo, Kalamazoo, MI 49007, USA","a0i8z0000006SJOAA2","Let's Talk About it Girl's Home III","Child Caring Institution: Private","Kalamazoo","Kalamazoo","2024-09-18","Let's Talk About It CMH Services, PLLC","2026-09-17","Regular","2484311371","49007-4615"
"CI390407606","6350 W KL AVE, KALAMAZOO, Kalamazoo, MI 49009-9197, UNITED STATES","a0i8z0000006U7gAAE","HACIENDA DE LUZ","Child Caring Institution: Private","Kalamazoo","Kalamazoo","2024-05-10","Bethany Christian Services Inc","2026-05-09","Regular","2693728800","49009-9197"
"CI390407805","1630 Lake Street, Kalamazoo, Kalamazoo, MI 49001, USA","a0i8z0000006SHWAA2","Glen's House","Child Caring Institution: Private","Kalamazoo","Kalamazoo","2025-09-29","Family & Children Services","2027-09-28","Regular","2693440202","49001-3170"
"CI410200975","901 EASTERN AVE, GRAND RAPIDS, Kent, MI 49503-1201, UNITED STATES","a0i8z0000006Sf5AAE","BETHANY CHRISTIAN SERVICES INC-RESIDENTIAL","Child Caring Institution: Private","GRAND RAPIDS","Kent","2024-07-25","Bethany Christian Services Inc","2026-07-24","Regular","6164596273","49503-1201"
"CI410201226","3290 36TH ST, GRAND RAPIDS, Kent, MI 49512-8193, UNITED STATES","a0i8z0000006Xk9AAE","KENTWOOD CAMPUS","Child Caring Institution: Private","GRAND RAPIDS","Kent","2025-10-23","Wedgwood Christian Services","2026-04-20","1st Provisional","6169422110","49512-8193"
"CI410201278","300 68TH ST, GRAND RAPIDS, Kent, MI 49548-6927, UNITED STATES","a0i8z0000006SfZAAU","MAPLE LODGE GROUP HOME","Child Caring Institution: Private","GRAND RAPIDS","Kent","2024-02-02","Pine Rest Christian Mental Health Services","2026-01-31","Regular","6164555000","49548-6927"
"CI410201464","1115 BALL AVE, GRAND RAPIDS, Kent, MI 49505-5904, UNITED STATES","a0i8z0000006U80AAE","THE BRIDGE FOR RUNAWAYS","Child Caring Institution: Private","Grand Rapids","Kent","2025-01-02","Arbor Circle Corporation","2027-01-01","Regular","6164513001","49505-5904"
"CI410268882","3333 36TH ST SE, KENTWOOD, Kent, MI 49512-2809, UNITED STATES","a0i8z0000006VbIAAU","D.A.R.T.","Child Caring Institution: Private","KENTWOOD","Kent","2024-05-06","Hope Network Behavioral Health Services","2026-05-05","Regular","6169543540","49512-2809"
"CI410298928","3340 36TH ST SE, GRAND RAPIDS, Kent, MI 49512-2810, UNITED STATES","a0i8z0000006XkfAAE","EAST CAMPUS","Child Caring Institution: Private","GRAND RAPIDS","Kent","2025-08-27","Wedgwood Christian Services","2027-08-26","Regular","6169422110","49512-2810"
"CI410305582","2355 KNAPP ST NE, GRAND RAPIDS, Kent, MI 49505-4411, UNITED STATES","a0i8z0000006fGyAAI","ST. JOHN'S HOME RESIDENTIAL","Child Caring Institution: Private","GRAND RAPIDS","Kent","2024-03-18","DA Blodgett for Children","2026-03-17","Regular","6163615227","49505-4411"
"CI410312005","2440 RICHMOND ST, GRAND RAPIDS, Kent, MI 49504-2322, UNITED STATES","a0i8z0000006U7ZAAU","BETHANY CHRISTIAN SVCS-GR-CASA DEL SOL","Child Caring Institution: Private","GRAND RAPIDS","Kent","2025-09-21","Bethany Christian Services Inc","2027-09-20","Regular","6162400149","49504-2322"
"CI410337023","3240 36TH ST, GRAND RAPIDS, Kent, MI 49512-8193, UNITED STATES","a0i8z0000006U85AAE","WEST CAMPUS","Child Caring Institution: Private","GRAND RAPIDS","Kent","2025-08-31","Wedgwood Christian Services","2027-08-30","Regular","6169422110","49512-8193"
"CI410361186","3220 52ND ST, KENTWOOD, Kent, MI 49512-9672, UNITED STATES","a0i8z0000006bwnAAA","BETHANY CHRISTIAN SERVICES-GRAND RAPIDS BELLAVIEW","Child Caring Institution: Private","KENTWOOD","Kent","2025-03-05","Bethany Christian Services Inc","2027-03-04","Regular","6168267308","49512-9672"
"CI410399718","670 BURTON ST SE, GRAND RAPIDS, Kent, MI 49507-3202, UNITED STATES","a0i8z0000006iOfAAI","BRIDGEWAY","Child Caring Institution: Private","Grand Rapids","Kent","2024-05-04","Bethany Christian Services Inc","2026-05-03","Regular","6162047208","49507-3202"
"CI410409653","2361 KNAPP ST SE NE, GRAND RAPIDS, Kent, MI 49505-4415, UNITED STATES","a0i8z0000006U7mAAE","SAMARITAS SHELTER GRAND RAPIDS","Child Caring Institution: Private","Grand Rapids","Kent","2025-12-14","Samaritas","2027-12-13","Regular","5178962041","49505-4415"
"CI411000929","300 68th St SE, Grand Rapids, Kent, MI 49548-6927, UNITED STATES","a0i8z000000VwxNAAS","Lotus Treatment Program","Child Caring Institution: Private","Grand Rapids","Kent","2025-12-11","Pine Rest Christian Mental Health Services","2027-12-10","Regular","6164559200","49548-6927"
"CI411002076","3508 Shaffer Ave SE, Grand Rapids, Kent, MI 49512-2808, UNITED STATES","a0i8z000000zfC6AAI","The Audere Home","Child Caring Institution: Private","Grand Rapids","Kent","2025-08-22","Wedgwood Christian Services","2026-02-17","Original","6169422110","49512-2808"
"CI411002741","901 Eastern Ave NE, Building C, Grand Rapids, Kent, MI 49503-1201, UNITED STATES","a0ics000000orxBAAQ","Bethany Christian Services TLC","Child Caring Institution: Private","Grand Rapids","Kent","2025-11-03","Bethany Christian Services Inc","2027-11-02","Regular","6163072485","49503-1201"
"CI460403164","190 PLEASANT KNOLL DR, ADRIAN, Lenawee, MI 49221-1220, UNITED STATES","a0i8z0000006U7hAAE","ADRIAN GROUP HOME","Child Caring Institution: Private","ADRIAN","Lenawee","2024-02-14","LHS Family and Youth Services","2026-02-12","Regular","4199023894","49221-1220"
"CI470272289","115 SWANN CT, HOWELL, Livingston, MI 48843-2153, UNITED STATES","a0i8z0000006X40AAE","THE CONNECTION SHELTER","Child Caring Institution: Private","Howell","Livingston","2024-06-22","Livingston Family Center, Inc,","2026-06-21","Regular","8106235892","48843-2153"
"CI480201234","7820 STATE HIGHWAY M123, NEWBERRY, Luce, MI 49868-8131, UNITED STATES","a0i8z0000006SevAAE","LAKES AREA TEACH FAMILY HOME","Child Caring Institution: Private","NEWBERRY","Luce","2025-04-28","Teaching Family Homes of Upper Michigan","2027-04-27","Regular","9062935670","49868-8131"
"CI500201123","418 CASS AVE, MOUNT CLEMENS, Macomb, MI 48043-2123, UNITED STATES","a0i8z0000006U8fAAE","FAMILY YOUTH INTERVENTIONS","Child Caring Institution: Private","Mount Clemens","Macomb","2024-03-31","Comprehensive Youth Services, Inc","2026-03-30","Regular","5864651212","48043-2123"
"CI501000886","400 N Rose St, Suite 100, Mount Clemens, Macomb, MI 48043-1522, UNITED STATES","a0i8z000000VfxQAAS","Saint Clair Youth Treatment Center","Child Caring Institution: Private","Mount Clemens","Macomb","2024-05-13","Rite of Passage, Inc","2026-05-12","Regular","7752672646","48043-1522"
"CI520283194","1020 SILVER CREEK RD, MARQUETTE, Marquette, MI 49855-8948, UNITED STATES","a0i8z0000006U7qAAE","CEDAR CREEK TEACHING FAMILY HOME","Child Caring Institution: Private","MARQUETTE","Marquette","2024-11-23","Teaching Family Homes of Upper Michigan","2026-11-22","Regular","9062491459","49855-8948"
"CI520304229","1005 SILVER CREEK RD, MARQUETTE, Marquette, MI 49855-8951, UNITED STATES","a0i8z0000006XjnAAE","SOUTH BLUFF TEACHING FAMILY HOME","Child Caring Institution: Private","MARQUETTE","Marquette","2025-06-21","Teaching Family Homes of Upper Michigan","2027-06-20","Regular","9062495437","49855-8951"
"CI520345626","104 MALTON RD, NEGAUNEE, Marquette, MI 49866-2000, UNITED STATES","a0i8z0000006bwaAAA","GREAT LAKES RECOVERY CENTER FOR YOUTH","Child Caring Institution: Private","Negaunee","Marquette","2025-10-30","Great Lakes Recovery Centers","2027-10-29","Regular","9062289694","49866-2000"
"CI630201083","820 JAMES HUNT DR, OXFORD, Oakland, MI 48371-5344, UNITED STATES","a0i8z0000006X4NAAU","Camp Oakland","Child Caring Institution: Private","Oxford","Oakland","2024-07-27","Crossroads for Youth","2026-07-26","Regular","2486282561","48371-5344"
"CI630201167","1700 University DR, Auburn Hills, Oakland, MI 48326-2673, UNITED STATES","a0i8z0000006XkOAAU","HAVENWYCK IMPULSE DISORDER PROGRAM","Child Caring Institution: Private","Auburn Hills","Oakland","2025-12-05","Havenwyck Hospital","2027-12-04","Regular","2483734074","48326-2673"
"CI630398437","3791 BARBER RD, OXFORD, Oakland, MI 48371-1915, UNITED STATES","a0i8z0000006Vb6AAE","HOUSE OF PROVIDENCE GIRLS","Child Caring Institution: Private","OXFORD","Oakland","2025-12-21","Margaret Dunn","2027-12-20","Regular","2487092299","48371-1915"
"CI630412886","30760 GLENMUER ST, FARMINGTON HILLS, Oakland, MI 48334-1029, UNITED STATES","a0i8z0000006U8BAAU","GLEN GROVE","Child Caring Institution: Private","FARMINGTON HILLS","Oakland","2024-12-02","NRMI LLC","2026-12-01","Regular","2485389465","48334-1029"
"CI631000400","751 Hendrie Blvd, Royal Oak, Oakland, MI 48067-3150, UNITED STATES","a0i8z000000RqquAAC","The Sanctuary","Child Caring Institution: Private","Royal Oak","Oakland","2025-09-13","South Oakland Shelter dba Lighthouse MI","2027-09-12","Regular","2484513721","48067-3150"
"CI670201366","8444 OAK RD, EVART, Osceola, MI 49631-8088, UNITED STATES","a0i8z0000006X4CAAU","PINEVIEW HOMES INC","Child Caring Institution: Private","EVART","Osceola","2024-07-01","Pineview Homes Inc","2026-06-30","Regular","2317342045","49631-8088"
"CI670290156","17220 W VILLAGE RD, HERSEY, Osceola, MI 49639-9756, UNITED STATES","a0i8z0000006SfmAAE","EAGLE VILLAGE ASHMUN-SHERK","Child Caring Institution: Private","HERSEY","Osceola","2024-05-19","Eagle Village Inc","2026-05-18","Regular","2318327265","49639-9756"
"CI670290161","17106 W VILLAGE RD, HERSEY, Osceola, MI 49639-9757, UNITED STATES","a0i8z0000006iOZAAY","Eagle Village - Hainley House","Child Caring Institution: Private","HERSEY","Osceola","2024-03-01","Eagle Village Inc","2026-02-28","Regular","2318327245","49639-9757"
"CI670290163","4650 165th Ave, Hersey, Osceola, MI 49639-8776, UNITED STATES","a0i8z0000006Vb7AAE","Eagle Village Putnam","Child Caring Institution: Private","Hersey","Osceola","2025-06-20","Eagle Village Inc","2027-06-19","Regular","2318327247","49639-8776"
"CI670411576","4599 E. VILLAGE ROAD, HERSEY, Osceola, MI 49639-0000, UNITED STATES","a0i8z0000006SenAAE","EAGLE VILLAGE LEPPIEN","Child Caring Institution: Private","HERSEY","Osceola","2025-07-23","Eagle Village Inc","2026-01-22","1st Provisional","2318322234","49639-0000"
"CI670414130","3030 Long Lane Rd, Evart, Osceola, MI 49639, USA","a0i8z0000006SJ2AAM","Osceola Youth Center","Child Caring Institution: Private","Evart","Osceola","2024-11-09","Youth Opportunity Investments, LLC","2026-11-08","Regular","2315152039","49631-7218"
"CI671000528","8835 Oak Rd, Evart, Osceola, MI 49631-8087, UNITED STATES","a0i8z000000TlQeAAK","River Oak Youth Center","Child Caring Institution: Private","Evart","Osceola","2025-01-07","Youth Opportunity Investments, LLC","2027-01-06","Regular","2317808852","49631-8087"
"CI671003777","3030 1/2 Long Ln, Evart, Osceola, MI 49631-7218, UNITED STATES","a0ics000007kA3ZAAU","Osceola Youth Center Shelter","Child Caring Institution: Private","Evart","Osceola","2025-11-19","Youth Opportunity Investments, LLC","2026-05-17","Original","2697622100","49631-7218"
"CI730201193","1110 HOWARD ST, SAGINAW, Saginaw, MI 48601-2734, UNITED STATES","a0i8z0000006fCvAAI","INNERLINK","Child Caring Institution: Private","Saginaw","Saginaw","2024-05-17","Saginaw Co Youth Prot Council","2026-05-16","Regular","9897533431","48601-2734"
"CI730404189","720 South Michigan Ave., Saginaw, Saginaw, MI 48602, USA","a0i8z0000006SJRAA2","House of Love Agency","Child Caring Institution: Private","Saginaw","Saginaw","2025-07-29","House of Love Agency","2026-01-28","2nd Provisional","9894011999","48602-1528"
"CI731001543","3400 S Washington Rd, Saginaw, Saginaw, MI 48601-4958, UNITED STATES","a0i8z000000cZ9fAAE","Queen of Angels","Child Caring Institution: Private","Saginaw","Saginaw","2025-03-19","Holy Cross Children's Services","2025-09-14","1st Provisional","9897812780","48601-4958"
"CI740201466","929 PINE ST, PORT HURON, Saint Clair, MI 48060-5252, UNITED STATES","a0i8z0000006fGkAAI","THE HARBOR","Child Caring Institution: Private","Port Huron","Saint Clair","2024-03-31","Comprehensive Youth Services, Inc","2026-03-30","Regular","8109828584","48060-5252"
"CI790296492","955 COMMERCE DR, VASSAR, Tuscola, MI 48768-8954, UNITED STATES","a0i8z0000006bxCAAQ","VASSAR HOUSE","Child Caring Institution: Private","VASSAR","Tuscola","2025-11-25","Wolverine Human Services","2026-05-24","1st Provisional","9898233040","48768-8954"
"CI790363049","1020 COMMERCE DR, VASSAR, Tuscola, MI 48768-9589, UNITED STATES","a0i8z0000006bwqAAA","CLARENCE FISCHER CENTER","Child Caring Institution: Private","VASSAR","Tuscola","2024-02-11","Wolverine Human Services","2026-02-09","Regular","9898233040","48768-9589"
"CI810402260","1600 N HURON RIVER DR, YPSILANTI, Washtenaw, MI 48197-1617, UNITED STATES","a0i8z0000006U8ZAAU","OZONE HOUSE YOUTH SHELTER","Child Caring Institution: Private","Ypsilanti","Washtenaw","2024-10-03","Ozone Inc","2026-10-02","Regular","7346622265","48197-1617"
"CI820200982","38500 BEVERLY RD, ROMULUS, Wayne, MI 48174-4009, UNITED STATES","a0i8z0000006iOKAAY","BEVERLY HOUSE","Child Caring Institution: Private","ROMULUS","Wayne","2024-08-15","Spectrum Child & Family Services","2026-08-14","Regular","7347255036","48174-4009"
"CI820201008","330 GLENDALE ST, HIGHLAND PARK, Wayne, MI 48203-3277, UNITED STATES","a0i8z0000006iOnAAI","CALUMET CENTER","Child Caring Institution: Private","HIGHLAND PARK","Wayne","2025-08-25","Spectrum Juvenile Justice Services","2027-08-24","Regular","3138527500","48203-3277"
"CI820201063","15751 JOY RD, DETROIT, Wayne, MI 48228-2117, UNITED STATES","a0i8z0000006iOcAAI","CHRIST CHILD HOUSE","Child Caring Institution: Private","DETROIT","Wayne","2025-03-25","Christ Child Society","2027-03-24","Regular","3135846077","48228-2117"
"CI820201146","11875 QUIRK RD, BELLEVILLE, Wayne, MI 48111-3158, UNITED STATES","a0i8z0000006VbEAAU","GIRLSTOWN","Child Caring Institution: Private","BELLEVILLE","Wayne","2025-02-23","Girlstown Foundation","2027-02-22","Regular","7346977245","48111-3158"
"CI820201294","26645 W 6 MILE RD, DETROIT, Wayne, MI 48240-2319, UNITED STATES","a0i8z0000006U7iAAE","METHODIST CHILDREN'S HOME","Child Caring Institution: Private","DETROIT","Wayne","2024-08-10","Methodist Children's Home Society","2026-08-09","Regular","3135314060","48240-2319"
"CI820201363","26530 EUREKA RD, TAYLOR, Wayne, MI 48180-4918, UNITED STATES","a0i8z0000006SexAAE","PENRICKTON CENTER FOR BLIND CHILDREN","Child Caring Institution: Private","Taylor","Wayne","2024-06-14","Penrickton Center For Blind Children","2026-06-13","Regular","7349467500","48180-4918"
"CI820201513","2629 LENOX ST, DETROIT, Wayne, MI 48215-2667, UNITED STATES","a0i8z0000006iKtAAI","WOLVERINE CENTER","Child Caring Institution: Private","DETROIT","Wayne","2025-11-06","Wolverine Human Services","2026-05-04","1st Provisional","3135908673","48215-2667"
"CI820243118","903 W GRAND BLVD, DETROIT, Wayne, MI 48208-2365, UNITED STATES","a0i8z0000006Vb2AAE","ALTERNATIVES FOR GIRLS","Child Caring Institution: Private","Detroit","Wayne","2024-07-10","Alternatives For Girls","2026-07-09","Regular","3133614000","48208-2365"
"CI820293953","1961 LINCOLN ST, HIGHLAND PARK, Wayne, MI 48203-3077, UNITED STATES","a0i8z0000006bwmAAA","LINCOLN CENTER","Child Caring Institution: Private","HIGHLAND PARK","Wayne","2025-11-16","Spectrum Juvenile Justice Services","2027-11-15","Regular","3138688305","48203-3077"
"CI820294390","20651 W WARREN ST, DEARBORN HEIGHTS, Wayne, MI 48127-2622, UNITED STATES","a0i8z0000006SelAAE","VISTA MARIA","Child Caring Institution: Private","DEARBORN HEIGHTS","Wayne","2024-09-03","Sisters of Good Shepherd","2026-09-02","Regular","3132713050","48127-2622"
"CI820308026","21802 CLARK RD, BELLEVILLE, Wayne, MI 48111-8300, UNITED STATES","a0i8z0000006XkUAAU","SUMPTER HOUSE","Child Caring Institution: Private","Belleville","Wayne","2024-10-27","Spectrum Child & Family Services","2026-10-26","Regular","2485653721","48111-8300"
"CI820339439","36708 DARTMOUTH DR, WESTLAND, Wayne, MI 48185-3490, UNITED STATES","a0i8z0000006iOpAAI","GENESIS HOME","Child Caring Institution: Therapeutic Group Home","Westland","Wayne","2025-01-20","Spectrum Community Services","2027-01-19","Regular","7344588729","48185-3490"
"CI820380214","19905 ROSLYN RD, DETROIT, Wayne, MI 48221-1852, UNITED STATES","a0i8z0000006fH1AAI","Hope House  - Residential","Child Caring Institution: Private","Detroit","Wayne","2025-03-09","Boys Hope Girls Hope of Michigan, Inc.","2027-03-08","Regular","3135240557","48221-1852"
"CI821002731","33600 Luther Ln, Livonia, Wayne, MI 48154-5477, UNITED STATES","a0ics000000lUU5AAM","New Directions Livonia","Child Caring Institution: Private","Livonia","Wayne","2025-11-30","Wellspring Lutheran Services","2027-11-29","Regular","9892331804","48154-5477"
"CM231002162","4233 Appletree Ln, Lansing, Eaton, MI 48917-1602, UNITED STATES","a0i8z0000010fk5AAA","McBride Appletree YTR Home","Child Caring Institution: Private","Lansing","Eaton","2025-08-04","McBride Quality Care Service","2027-08-03","Regular","9897721261","48917-1602"
"CM331002833","1909 Tahoe Cir, Okemos, Ingham, MI 48864-2770, UNITED STATES","a0ics000001UNjNAAW","Heartland Lansing","Child Caring Institution: Therapeutic Group Home","Okemos","Ingham","2025-12-10","Heartland Center for Autism","2027-12-09","Regular","6162726171","48864-2770"
"CM390403910","1276 JACK PINE DR, KALAMAZOO, Kalamazoo, MI 49006-5499, UNITED STATES","a0i8z0000006SeoAAE","PINE WAY GROUP SOUTH","Child Caring Institution: Therapeutic Group Home","KALAMAZOO","Kalamazoo","2024-01-29","Pine Way Group","2026-01-27","Regular","6162149142","49006-5499"
"CM390412729","1004 CONANT ST, KALAMAZOO, Kalamazoo, MI 49007-2365, UNITED STATES","a0i8z0000006bwsAAA","LTAI IV DD/CI","Child Caring Institution: Therapeutic Group Home","KALAMAZOO","Kalamazoo","2024-12-03","Thorpe, Kimberly","2026-12-02","Regular","2484311371","49007-2365"
"CM500297574","21056 DEAN ST, WARREN, Macomb, MI 48091-2760, UNITED STATES","a0i8z0000006bwoAAA","SAFEHAUS","Child Caring Institution: Therapeutic Group Home","WARREN","Macomb","2025-09-02","Safehaus Inc.","2026-03-01","2nd Provisional","5864777472","48091-2760"
"CM500338959","21040 DEAN ST, WARREN, Macomb, MI 48091-2760, UNITED STATES","a0i8z0000006fGhAAI","SAFEHAUS TOO","Child Caring Institution: Therapeutic Group Home","WARREN","Macomb","2025-08-08","Safehaus Inc.","2026-02-07","2nd Provisional","5864777472","48091-2760"
"CM821002765","43825 Michigan Ave, Suite 2, Canton, Wayne, MI 48188-2551, UNITED STATES","a0ics000000vlQPAAY","Treehouse","Child Caring Institution: Private","Canton","Wayne","2025-11-04","Hegira Health, Inc.","2026-05-02","Original","7344584601","48188-2551"
"CN170201399","2218 SHUNK RD, SAULT S MARIE, Chippewa, MI 49783-9467, UNITED STATES","a0i8z0000006TflAAE","SAULT TRIBE BINOGII - PLACEMENT","Child Placing Agency: Government Non-MDHHS","Sault S Marie","Chippewa","2024-06-25","Sault Tribe of Chippewa Indians","2026-06-24","Regular","9066325250","49783-9467"
"CN220269295","715 PYLE DR, KINGSFORD, Dickinson, MI 49802-4456, UNITED STATES","a0i8z0000006ZXcAAM","NORTHPOINTE BEHAVIORAL HEALTHCARE SYSTEMS","Child Placing Agency: Government Non-MDHHS","Kingsford","Dickinson","2025-02-20","Northpointe Behavioral Healthcare Systems","2027-02-19","Regular","9067740522","49802-4456"
"CO030200938","2243 33RD ST, ALLEGAN, Allegan, MI 49010-9509, UNITED STATES","a0i8z0000006XYAAA2","ALLEGAN COUNTY YOUTH HOME","Court Operated Facilities","ALLEGAN","Allegan","2024-11-20","Allegan County Family Court","2026-11-19","Inspected","2696734167","49010-9509"
"CO110200972","6414 DEANS HILL RD, BERRIEN CENTER, Berrien, MI 49102-9750, UNITED STATES","a0i8z0000006VOnAAM","BERRIEN COUNTY JUVENILE CENTER","Court Operated Facilities","BERRIEN CENTER","Berrien","2024-08-01","Berrien County Trial Court-Family Division","2026-07-31","Inspected","2694712831","49102-9750"
"CO190201158","1004 S SWEGLES ST, SAINT JOHNS, Clinton, MI 48879-2318, UNITED STATES","a0i8z0000006erAAAQ","GREEN HAVEN","Court Operated Facilities","Saint Johns","Clinton","2025-06-05","Clinton County Family Court/Juvenile Division","2027-06-04","Inspected","9892245199","48879-2318"
"CO230201104","822 COURTHOUSE DR, CHARLOTTE, Eaton, MI 48813-1069, UNITED STATES","a0i8z0000006XY9AAM","EATON COUNTY YOUTH FACILITY","Court Operated Facilities","CHARLOTTE","Eaton","2024-03-03","Eaton Co Juvenile Court","2026-03-02","Inspected","5175433244","48813-1069"
"CO230289991","822 COURTHOUSE DR, CHARLOTTE, Eaton, MI 48813-1069, UNITED STATES","a0i8z0000006WsDAAU","EATON COUNTY YOUTH FACILITY-COMMUNITY BASED TREATMENT","Court Operated Facilities","Charlotte","Eaton","2024-02-25","Eaton Co Juvenile Court","2026-02-23","Inspected","5175437500","48813-1069"
"CO250407646","4287 W PASADENA AVE, FLINT, Genesee, MI 48504-2342, UNITED STATES","a0i8z0000006hyeAAA","GENESEE COUNTY JUVENILE JUSTICE CENTER","Court Operated Facilities","FLINT","Genesee","2025-09-25","County of Genesee","2027-09-24","Inspected","8107333820","48504-2342"
"CO300201173","2680 STEAMBURG RD, HILLSDALE, Hillsdale, MI 49242-2009, UNITED STATES","a0i8z0000006SSeAAM","HILLSDALE COUNTY YOUTH HOME","Court Operated Facilities","HILLSDALE","Hillsdale","2025-03-06","Hillsdale County Family Court","2027-03-05","Inspected","5174399120","49242-2009"
"CO330201191","700 E JOLLY RD, LANSING, Ingham, MI 48910-6832, UNITED STATES","a0i8z0000006bU2AAI","INGHAM COUNTY YOUTH CENTER","Court Operated Facilities","LANSING","Ingham","2024-11-26","30th Judicial Circuit Court, Family Division","2026-11-25","Inspected","5178874330","48910-6832"
"CO380201204","930 FLEMING AVE, JACKSON, Jackson, MI 49202-2534, UNITED STATES","a0i8z0000006hydAAA","JACKSON COUNTY YOUTH CENTER","Court Operated Facilities","JACKSON","Jackson","2025-04-23","Jackson CO Family Court","2027-04-22","Inspected","5177884460","49202-2534"
"CO390201216","1424 GULL RD, KALAMAZOO, Kalamazoo, MI 49048-1605, UNITED STATES","a0i8z0000006er8AAA","KALAMAZOO COUNTY JUVENILE HOME","Court Operated Facilities","KALAMAZOO","Kalamazoo","2025-04-28","Kalamazoo County Family Court","2027-04-27","Inspected","2693858550","49048-1605"
"CO410201223","1501 CEDAR ST, GRAND RAPIDS, Kent, MI 49503-1300, UNITED STATES","a0i8z0000006TupAAE","KENT COUNTY JUVENILE DETENTION CENTER","Court Operated Facilities","GRAND RAPIDS","Kent","2025-10-01","17th Circuit Court Family Division","2027-09-30","Inspected","6167743700","49503-1300"
"CO560201303","3712 E ASHMAN ST, MIDLAND, Midland, MI 48642-9314, UNITED STATES","a0i8z0000006XYBAA2","Midland County Juvenile Justice Center","Court Operated Facilities","MIDLAND","Midland","2025-09-01","Midland County Probate Court","2027-08-31","Inspected","9898376087","48642-9314"
"CO580201307","3600 S CUSTER RD, MONROE, Monroe, MI 48161-9058, UNITED STATES","a0i8z0000006WsCAAU","MONROE COUNTY YOUTH CENTER","Court Operated Facilities","MONROE","Monroe","2025-10-29","38th Judicial Circuit Court - Family Division","2027-10-28","Inspected","7342437316","48161-9058"
"CO610385814","205 E APPLE AVE, MUSKEGON, Muskegon, MI 49442-3406, UNITED STATES","a0i8z0000006TurAAE","Muskegon County Juvenile Detention Center","Court Operated Facilities","MUSKEGON","Muskegon","2025-07-31","14th Circuit Court","2027-07-30","Inspected","2317248850","49442-3406"
"CO700201349","12110 FILLMORE ST, WEST OLIVE, Ottawa, MI 49460-8985, UNITED STATES","a0i8z0000006VOmAAM","OTTAWA COUNTY JUVENILE DETENTION CENTER","Court Operated Facilities","WEST OLIVE","Ottawa","2024-07-16","Ottawa County Twentieth Circuit Court","2026-07-15","Inspected","6167864130","49460-8985"
"CO711003011","267 N 2nd St, Rogers City, Presque Isle, MI 49779-1606, UNITED STATES","a0ics000002rrY5AAI","Presque Isle County Juvenile Holding Facility","Court Operated Facilities","Rogers City","Presque Isle","2025-07-31","Presque Isle County 53rd Circuit Court Family Division","2026-01-26","Inspected","9897345279","49779-1606"
"CO730201394","3360 HOSPITAL RD, SAGINAW, Saginaw, MI 48603-9622, UNITED STATES","a0i8z0000006TuqAAE","SAGINAW COUNTY DETENTION HOME","Court Operated Facilities","Saginaw","Saginaw","2024-08-11","Tenth Judicial Circuit Court of Michigan","2026-08-10","Inspected","9897992821","48603-9622"
"CO741002625","1170 Michigan Rd, Port Huron, Saint Clair, MI 48060-4658, UNITED STATES","a0i8z000001BOxfAAG","St. Clair County Juvenile Intervention Unit","Court Operated Facilities","Port Huron","Saint Clair","2025-12-13","St. Clair County 31st Circuity Court Family Division","2027-12-12","Inspected","8109852137","48060-4658"
"CP030200937","3255 122ND AVE, ALLEGAN, Allegan, MI 49010-9590, UNITED STATES","a0i8z0000006kBkAAI","ALLEGAN COUNTY DHHS","Child Placing Agency: MDHHS","Allegan","Allegan","2024-10-28","Michigan Department of Health and Human Services","2026-10-27","Regular","2696737700","49010-9590"
"CP040200941","600 Walnut St, Alpena, Alpena, MI 49707-1832, UNITED STATES","a0i8z0000006kMLAAY","ALPENA/MONTMORENCY DHHS","Child Placing Agency: MDHHS","Alpena","Alpena","2025-06-03","Michigan Department of Health and Human Services","2027-06-02","Regular","9893547200","49707-1832"
"CP060200953","3709 DEEP RIVER RD, STANDISH, Arenac, MI 48658-9458, UNITED STATES","a0i8z0000006TWFAA2","ARENAC COUNTY DHHS","Child Placing Agency: MDHHS","Standish","Arenac","2025-06-02","Michigan Department of Health and Human Services","2027-06-01","Regular","9898464551","48658-9458"
"CP070200958","108 MAIN ST, BARAGA, Baraga, MI 49908-9671, UNITED STATES","a0i8z0000006ddtAAA","BARAGA/HOUGHTON/KEWEENAW COUNTY DHHS","Child Placing Agency: MDHHS","Baraga","Baraga","2024-07-30","Michigan Department of Health and Human Services","2026-07-29","Regular","9063534700","49908-9671"
"CP080200963","430 BARFIELD DR, HASTINGS, Barry, MI 49058-9050, UNITED STATES","a0i8z0000006b3QAAQ","BARRY COUNTY DHHS","Child Placing Agency: MDHHS","Hastings","Barry","2024-05-01","Michigan Department of Health and Human Services","2026-04-30","Regular","2699483200","49058-9050"
"CP090200967","1399 W CENTER RD, ESSEXVILLE, Bay, MI 48732-2115, UNITED STATES","a0i8z0000006b3RAAQ","BAY COUNTY DHHS","Child Placing Agency: MDHHS","Essexville","Bay","2024-10-08","Michigan Department of Health and Human Services","2026-10-07","Regular","9898952250","48732-2115"
"CP110200971","401 8TH ST, BENTON HARBOR, Berrien, MI 49022-5005, UNITED STATES","a0i8z0000006agVAAQ","BERRIEN COUNTY DHHS","Child Placing Agency: MDHHS","Benton Harbor","Berrien","2025-04-16","Michigan Department of Health and Human Services","2027-04-15","Regular","2699342000","49022-5005"
"CP120200999","388 KEITH WILHELM DR, COLDWATER, Branch, MI 49036-8244, UNITED STATES","a0i8z0000006aRYAAY","BRANCH COUNTY DHHS","Child Placing Agency: MDHHS","COLDWATER","Branch","2025-10-29","Michigan Department of Health and Human Services","2027-10-28","Regular","5179329073","49036-8244"
"CP130201006","190 E MICHIGAN AVE, BATTLE CREEK, Calhoun, MI 49014-4005, UNITED STATES","a0i8z0000006WdpAAE","CALHOUN COUNTY DHHS","Child Placing Agency: MDHHS","Battle Creek","Calhoun","2024-07-21","Michigan Department of Health and Human Services","2026-07-20","Regular","2699661414","49014-4005"
"CP160201035","827 S HURON ST, CHEBOYGAN, Cheboygan, MI 49721-2209, UNITED STATES","a0i8z0000006h7QAAQ","CHEBOYGAN/PRESQUE ISLE COUNTY DHHS","Child Placing Agency: MDHHS","Cheboygan","Cheboygan","2025-08-16","Michigan Department of Health and Human Services","2027-08-15","Regular","2316278500","49721-2209"
"CP170201061","463 E 3 MILE RD, SAULT S MARIE, Chippewa, MI 49783-9476, UNITED STATES","a0i8z0000006arRAAQ","Chippewa/Luce/Mackinac County DHHS","Child Placing Agency: MDHHS","Sault S Marie","Chippewa","2025-01-03","Michigan Department of Health and Human Services","2027-01-02","Regular","9062030033","49783-9476"
"CP180201067","725 RICHARD DR, HARRISON, Clare, MI 48625-9289, UNITED STATES","a0i8z0000006b3SAAQ","Clare/Isabella MDHHS","Child Placing Agency: MDHHS","Harrison","Clare","2025-09-30","Michigan Department of Health and Human Services","2027-09-29","Regular","9895394260","48625-9289"
"CP210201090","305 LUDINGTON ST, ESCANABA, Delta, MI 49829-4056, UNITED STATES","a0i8z0000006hDOAAY","Delta/Dickinson/Menominee DHHS","Child Placing Agency: MDHHS","Escanaba","Delta","2024-10-24","Michigan Department of Health and Human Services","2026-10-23","Regular","9067865394","49829-4056"
"CP230201103","1050 INDEPENDENCE BLVD, CHARLOTTE, Eaton, MI 48813-1032, UNITED STATES","a0i8z0000006TbVAAU","Clinton/Eaton County DHHS","Child Placing Agency: MDHHS","CHARLOTTE","Eaton","2025-08-13","Michigan Department of Health and Human Services","2027-08-12","Regular","5175430860","48813-1032"
"CP240201034","2229 SUMMIT PARK DR, PETOSKEY, Emmet, MI 49770-8636, UNITED STATES","a0i8z0000006YvOAAU","ANTRIM/CHARLEVOIX/EMMET COUNTY DHHS","Child Placing Agency: MDHHS","Petoskey","Emmet","2024-09-01","Michigan Department of Health and Human Services","2026-08-31","Regular","2313481600","49770-8636"
"CP250201139","125 E UNION ST, FLINT, Genesee, MI 48502-2036, UNITED STATES","a0i8z0000006hJEAAY","Genesee County DHHS","Child Placing Agency: MDHHS","Flint","Genesee","2024-04-19","Michigan Department of Health and Human Services","2026-04-18","Regular","8107602645","48502-2036"
"CP270201149","301 E LEAD ST, BESSEMER, Gogebic, MI 49911-1459, UNITED STATES","a0i8z0000006ZXaAAM","GOGEBIC/IRON/ONTONAGON DHHS","Child Placing Agency: MDHHS","Bessemer","Gogebic","2025-05-31","Michigan Department of Health and Human Services","2027-05-30","Regular","","49911-1459"
"CP280201153","701 S ELMWOOD AVE STE 19, Suite 19, TRAVERSE CITY, Grand Traverse, MI 49684-3185, UNITED STATES","a0i8z0000006b4tAAA","GRAND TRAVERSE/LEELANAU/KALKASKA DHHS","Child Placing Agency: MDHHS","Traverse City","Grand Traverse","2025-12-07","Michigan Department of Health and Human Services","2027-12-06","Regular","2319413900","49684-3185"
"CP290201154","201 COMMERCE DR, ITHACA, Gratiot, MI 48847-1601, UNITED STATES","a0i8z0000006eIYAAY","GRATIOT COUNTY DHHS","Child Placing Agency: MDHHS","Ithaca","Gratiot","2025-06-30","Michigan Department of Health and Human Services","2027-06-29","Regular","9898755181","48847-1601"
"CP300201172","40 CARE DR, HILLSDALE, Hillsdale, MI 49242-5039, UNITED STATES","a0i8z0000006V6bAAE","HILLSDALE COUNTY DHHS","Child Placing Agency: MDHHS","HILLSDALE","Hillsdale","2024-03-12","Michigan Department of Health and Human Services","2026-03-11","Regular","5174392200","49242-5039"
"CP320201183","1911 SAND BEACH RD, BAD AXE, Huron, MI 48413-8821, UNITED STATES","a0i8z0000006hPLAAY","HURON COUNTY DHHS","Child Placing Agency: MDHHS","Bad Axe","Huron","2025-05-16","Michigan Department of Health and Human Services","2027-05-15","Regular","9892699201","48413-8821"
"CP330201190","5303 S CEDAR ST, LANSING, Ingham, MI 48911-3800, UNITED STATES","a0i8z0000006TiFAAU","INGHAM COUNTY DHHS","Child Placing Agency: MDHHS","Lansing","Ingham","2024-11-30","Michigan Department of Health and Human Services","2026-11-29","Regular","5178879791","48911-3800"
"CP340201198","920 E LINCOLN AVE, IONIA, Ionia, MI 48846-1393, UNITED STATES","a0i8z0000006WMsAAM","Ionia/Montcalm County DHHS","Child Placing Agency: MDHHS","Ionia","Ionia","2025-04-17","Michigan Department of Health and Human Services","2027-04-16","Regular","6165275200","48846-1393"
"CP350201199","2145 E US 23, EAST TAWAS, Iosco, MI 48730-9422, UNITED STATES","a0i8z0000006kKrAAI","IOSCO/ALCONA COUNTY DHHS","Child Placing Agency: MDHHS","East Tawas","Iosco","2024-08-31","Michigan Department of Health and Human Services","2026-08-30","Regular","9893620300","48730-9422"
"CP380201203","301 E LOUIS GLICK HWY, JACKSON, Jackson, MI 49201-1535, UNITED STATES","a0i8z0000006hQyAAI","Jackson County DHHS","Child Placing Agency: MDHHS","Jackson","Jackson","2025-01-31","Michigan Department of Health and Human Services","2027-01-30","Regular","5177807600","49201-1535"
"CP390201215","427 E Alcott St, Kalamazoo, Kalamazoo, MI 49001-6170, UNITED STATES","a0i8z0000006WdmAAE","KALAMAZOO COUNTY DHHS","Child Placing Agency: MDHHS","KALAMAZOO","Kalamazoo","2025-03-25","Michigan Department of Health and Human Services","2027-03-24","Regular","2693375000","49001-6170"
"CP410201222","121 MARTIN LUTHER KING JR ST SE, GRAND RAPIDS, Kent, MI 49507-1132, UNITED STATES","a0i8z0000006aRZAAY","KENT COUNTY DHHS","Child Placing Agency: MDHHS","Grand Rapids","Kent","2025-07-28","Michigan Department of Health and Human Services","2027-07-27","Regular","6162476005","49507-1132"
"CP440201239","1022 W Genesee St, Lapeer, Lapeer, MI 48446-1876, UNITED STATES","a0i8z0000006UzTAAU","LAPEER COUNTY DHHS","Child Placing Agency: MDHHS","Lapeer","Lapeer","2025-09-26","Michigan Department of Health and Human Services","2027-09-25","Regular","8106670800","48446-1876"
"CP460201242","1040 S WINTER ST, ADRIAN, Lenawee, MI 49221-3876, UNITED STATES","a0i8z0000006eHEAAY","LENAWEE COUNTY DHHS","Child Placing Agency: MDHHS","Adrian","Lenawee","2025-10-12","Michigan Department of Health and Human Services","2027-10-11","Regular","5172646300","49221-3876"
"CP470201250","2300 E GRAND RIVER AVE STE 1, Suite 1, HOWELL, Livingston, MI 48843-7577, UNITED STATES","a0i8z0000006eBFAAY","LIVINGSTON COUNTY DHHS","Child Placing Agency: MDHHS","Howell","Livingston","2025-11-20","Michigan Department of Health and Human Services","2027-11-19","Regular","5172949165","48843-7577"
"CP500201269","44777 N Gratiot Ave, Clinton Township, Macomb, MI 48036-1362, UNITED STATES","a0i8z0000006WYEAA2","MACOMB COUNTY DHHS","Child Placing Agency: MDHHS","Clinton Township","Macomb","2024-09-21","Michigan Department of Health and Human Services","2026-09-20","Regular","5864697700","48036-1362"
"CP510201273","1475 US 31 Manistee, MANISTEE, Manistee, MI 49660-8942, UNITED STATES","a0i8z0000006kAMAAY","BENZIE/MANISTEE DHHS","Child Placing Agency: MDHHS","MANISTEE","Manistee","2025-07-16","Michigan Department of Health and Human Services","2027-07-15","Regular","2317238375","49660-8942"
"CP520201281","234 W BARAGA AVE, MARQUETTE, Marquette, MI 49855-4710, UNITED STATES","a0i8z0000006UrFAAU","MARQUETTE/ALGER/SCHOOLCRAFT MDHHS","Child Placing Agency: MDHHS","Marquette","Marquette","2024-08-01","Michigan Department of Health and Human Services","2026-07-31","Regular","9062289691","49855-4710"
"CP540201288","800 WATER TOWER RD, BIG RAPIDS, Mecosta, MI 49307-2161, UNITED STATES","a0i8z0000006aRWAAY","MECOSTA/OSCEOLA DHHS","Child Placing Agency: MDHHS","Big Rapids","Mecosta","2024-11-16","Michigan Department of Health and Human Services","2026-11-15","Regular","2317964300","49307-2161"
"CP560201302","1509 WASHINGTON ST STE A, Suite A, MIDLAND, Midland, MI 48640-5612, UNITED STATES","a0i8z0000006ZW9AAM","MIDLAND/GLADWIN COUNTY DHHS","Child Placing Agency: MDHHS","Midland","Midland","2024-05-16","Michigan Department of Health and Human Services","2026-05-15","Regular","9898391100","48640-5612"
"CP580201306","903 S TELEGRAPH RD, MONROE, Monroe, MI 48161-5538, UNITED STATES","a0i8z0000006amlAAA","Monroe County DHHS","Child Placing Agency: MDHHS","Monroe","Monroe","2024-04-20","Michigan Department of Health and Human Services","2026-04-19","Regular","3132437203","48161-5538"
"CP610201318","2700 BAKER ST, MUSKEGON HEIGHTS, Muskegon, MI 49444-2157, UNITED STATES","a0i8z0000006agTAAQ","MUSKEGON COUNTY DHHS","Child Placing Agency: MDHHS","Muskegon Heights","Muskegon","2025-12-29","Michigan Department of Health and Human Services","2026-06-26","1st Provisional","2317333700","49444-2157"
"CP620201323","1018 E NEWELL ST, WHITE CLOUD, Newaygo, MI 49349-8795, UNITED STATES","a0i8z0000006gr9AAA","NEWAYGO/LAKE COUNTY DHHS","Child Placing Agency: MDHHS","White Cloud","Newaygo","2024-09-26","Michigan Department of Health and Human Services","2026-09-25","Regular","2316895500","49349-8795"
"CP630201334","51111 WOODWARD AVE, PONTIAC, Oakland, MI 48342-5037, UNITED STATES","a0i8z0000006TfnAAE","OAKLAND COUNTY DHHS","Child Placing Agency: MDHHS","Pontiac","Oakland","2024-12-06","Michigan Department of Health and Human Services","2026-12-05","Regular","2489754801","48342-5037"
"CP640201336","4081 W POLK RD, HART, Oceana, MI 49420-8177, UNITED STATES","a0i8z0000006aRRAAY","MASON/OCEANA COUNTY DHHS","Child Placing Agency: MDHHS","Hart","Oceana","2024-07-08","Michigan Department of Health and Human Services","2026-07-07","Regular","2318737251","49420-8177"
"CP650201338","444 E HOUGHTON AVE, WEST BRANCH, Ogemaw, MI 48661-1130, UNITED STATES","a0i8z0000006VC7AAM","Ogemaw/Roscommon County DHHS","Child Placing Agency: MDHHS","West Branch","Ogemaw","2025-09-15","Michigan Department of Health and Human Services","2027-09-14","Regular","9893545135","48661-1130"
"CP690201347","931 S OTSEGO AVE, GAYLORD, Otsego, MI 49735-1687, UNITED STATES","a0i8z0000006hVUAAY","Otsego/Crawford/Oscoda DHHS","Child Placing Agency: MDHHS","Gaylord","Otsego","2024-08-31","Michigan Department of Health and Human Services","2026-08-30","Regular","9897321702","49735-1687"
"CP700201350","12185 JAMES ST, HOLLAND, Ottawa, MI 49424-9622, UNITED STATES","a0i8z0000006TXdAAM","OTTAWA COUNTY DHHS","Child Placing Agency: MDHHS","HOLLAND","Ottawa","2025-08-31","Michigan Department of Health and Human Services","2027-08-30","Regular","6163947200","49424-9622"
"CP730201395","411 E GENESEE AVE, SAGINAW, Saginaw, MI 48607-1254, UNITED STATES","a0i8z0000006dibAAA","SAGINAW COUNTY DHHS","Child Placing Agency: MDHHS","Saginaw","Saginaw","2024-09-08","Michigan Department of Health and Human Services","2026-09-07","Regular","9895458237","48607-1254"
"CP740201421","220 FORT ST, PORT HURON, Saint Clair, MI 48060-3850, UNITED STATES","a0i8z0000006ZgXAAU","ST CLAIR COUNTY DHHS","Child Placing Agency: MDHHS","Port Huron","Saint Clair","2025-04-30","Michigan Department of Health and Human Services","2027-04-29","Regular","8109662000","48060-3850"
"CP750201427","692 E MAIN ST, CENTREVILLE, Saint Joseph, MI 49032-9301, UNITED STATES","a0i8z0000006hEpAAI","St. Joseph/Cass County DHHS","Child Placing Agency: MDHHS","Centreville","Saint Joseph","2025-08-10","Michigan Department of Health and Human Services","2027-08-09","Regular","2694671200","49032-9301"
"CP780201406","1720 E M 21, OWOSSO, Shiawassee, MI 48867-9054, UNITED STATES","a0i8z0000006eJmAAI","SHIAWASSEE COUNTY DHHS","Child Placing Agency: MDHHS","Owosso","Shiawassee","2024-10-29","Michigan Department of Health and Human Services","2026-10-28","Regular","9897253200","48867-9054"
"CP790201478","1365 CLEAVER RD, CARO, Tuscola, MI 48723-9135, UNITED STATES","a0i8z0000006kJcAAI","TUSCOLA COUNTY DHHS","Child Placing Agency: MDHHS","Caro","Tuscola","2025-01-22","Michigan Department of Health and Human Services","2027-01-21","Regular","9896739207","48723-9135"
"CP800201480","57150 COUNTY ROAD 681, HARTFORD, Van Buren, MI 49057-9400, UNITED STATES","a0i8z0000006Wb6AAE","Van Buren County DHHS","Child Placing Agency: MDHHS","Hartford","Van Buren","2024-03-31","Michigan Department of Health and Human Services","2026-03-30","Regular","2696212800","49057-9400"
"CP810201490","22 CENTER ST, YPSILANTI, Washtenaw, MI 48198-5707, UNITED STATES","a0i8z0000006WdkAAE","WASHTENAW COUNTY DHHS","Child Placing Agency: MDHHS","Ypsilanti","Washtenaw","2024-11-05","Michigan Department of Health and Human Services","2026-11-04","Regular","7344818364","48198-5707"
"CP820201495","8625 GREENFIELD RD, DETROIT, Wayne, MI 48228-2224, UNITED STATES","a0i8z0000006VAjAAM","WAYNE COUNTY DHHS - NORTHCENTRAL","Child Placing Agency: MDHHS","Detroit","Wayne","2025-12-28","Michigan Department of Health and Human Services","2027-12-27","Regular","3138521709","48228-2224"
"CP820201496","1801 E CANFIELD ST, DETROIT, Wayne, MI 48207-4635, UNITED STATES","a0i8z0000006Wb5AAE","WAYNE COUNTY DHHS - SOUTHCENTRAL","Child Placing Agency: MDHHS","Detroit","Wayne","2025-10-23","Michigan Department of Health and Human Services","2027-10-22","Regular","3135785102","48207-4635"
"CP820201497","27540 MICHIGAN AVE, INKSTER, Wayne, MI 48141-2202, UNITED STATES","a0i8z0000006Wf5AAE","WAYNE COUNTY DHHS - WESTERN","Child Placing Agency: MDHHS","Inkster","Wayne","2025-11-23","Michigan Department of Health and Human Services","2027-11-22","Regular","3132958017","48141-2202"
"CP830201508","10641 W WATERGATE RD, CADILLAC, Missaukee, MI 49601-9424, UNITED STATES","a0i8z0000006WcJAAU","WEXFORD/MISSAUKEE COUNTY DHHS","Child Placing Agency: MDHHS","Cadillac","Missaukee","2025-09-02","Michigan Department of Health and Human Services","2027-09-01","Regular","2317794500","49601-9424"
"CS210200969","2425 N. 30TH STREET, ESCANABA, Delta, MI 49829-9203, UNITED STATES","a0i8z0000006XkKAAU","BAY PINES CENTER","Child Caring Institution: MDHHS","ESCANABA","Delta","2025-08-21","Michigan Department of Health and Human Services","2027-08-20","Regular","9067891232","49829-9203"
"CS501003092","400 N Rose St, Suite A, Mount Clemens, Macomb, MI 48043-1522, UNITED STATES","a0ics000003LEW5AAO","Michigan Youth Treatment Center","Child Caring Institution: MDHHS","Mount Clemens","Macomb","2025-06-30","Michigan Department of Health and Human Services","2025-12-26","Original","2692518804","48043-1522"
